Statement,Header,Field Name,Field Value
Statement,Data,BrokerName,Interactive Brokers Central Europe Zrt.
Statement,Data,BrokerAddress,"Madach Imre ut 13-14, Floor 5, Budapest, 1075, Hungary"
Statement,Data,Title,Activity Statement
Statement,Data,Period,"December 1, 2022 - December 31, 2022"
Statement,Data,WhenGenerated,"2023-07-18, 11:35:41 EDT"
Account Information,Header,Field Name,Field Value
Account Information,Data,Name,Quantinuum Kft.
Account Information,Data,Account,U10557509
Account Information,Data,Account Type,Institution Master
Account Information,Data,Customer Type,Limited Liability Company
Account Information,Data,Account Capabilities,Cash
Account Information,Data,Base Currency,GBP
Account Information,Data,MNB Password,001-ej7jPfSp2E1h
Net Asset Value,Header,Asset Class,Prior Total,Current Long,Current Short,Current Total,Change
Net Asset Value,Data,Cash ,8009.136480386,8008.515013732,0,8008.515013732,-0.621466655
Net Asset Value,Data,Stock,7912.890617,7677.99642,0,7677.99642,-234.894197
Net Asset Value,Data,Interest Accruals,-0.005571456,0,0,0,0.005571456
Net Asset Value,Data,Total,15922.02152593,15686.511433732,0,15686.511433732,-235.510092199
Net Asset Value,Header,Time Weighted Rate of Return
Net Asset Value,Data,-1.479146928%
Change in NAV,Header,Field Name,Field Value
Change in NAV,Data,Starting Value,15922.02152593
Change in NAV,Data,Mark-to-Market,-234.87343152
Change in NAV,Data,Interest,-0.64223213
Change in NAV,Data,Change in Interest Accruals,0.006683128
Change in NAV,Data,Other FX Translations,-0.001111672
Change in NAV,Data,Ending Value,15686.511433732
Mark-to-Market Performance Summary,Header,Asset Category,Symbol,Prior Quantity,Current Quantity,Prior Price,Current Price,Mark-to-Market P/L Position,Mark-to-Market P/L Transaction,Mark-to-Market P/L Commissions,Mark-to-Market P/L Other,Mark-to-Market P/L Total,Code
Mark-to-Market Performance Summary,Data,Stocks,BRK B,5,5,318.6000,308.9000,-39.580554,0,0,0,-39.580554,
Mark-to-Market Performance Summary,Data,Stocks,BRYN,10,10,301.8500,288.4000,-116.474315,0,0,0,-116.474315,
Mark-to-Market Performance Summary,Data,Stocks,CSPX,10,10,408.9100,396.0900,-107.365574,0,0,0,-107.365574,
Mark-to-Market Performance Summary,Data,Stocks,MOL,100,100,"2,820.0000","2,602.0000",-45.32118,0,0,0,-45.32118,
Mark-to-Market Performance Summary,Data,Total,,,,,,-308.741623,0,0,0,-308.741623,
Mark-to-Market Performance Summary,Data,Forex,EUR,1.802822074,1.062822074,0.86317,0.88467,62.40479528,0,0,0,62.40479528,
Mark-to-Market Performance Summary,Data,Forex,GBP,8007.574745488,8007.574745488,1.0000,1.0000,0,0,0,0,0,
Mark-to-Market Performance Summary,Data,Forex,HUF,2.64,0,0.0021104,0.0022152,26.58334027,0,0,0,26.58334027,
Mark-to-Market Performance Summary,Data,Forex,USD,0.00002594,0.00002594,0.82932,0.8265,-15.11994407,0,0,0,-15.11994407,
Mark-to-Market Performance Summary,Data,Total,,,,,,73.86819148,0,0,0,73.86819148,
Mark-to-Market Performance Summary,Data,Total (All Assets),,,,,,-234.87343152,0,0,0,-234.87343152,
Mark-to-Market Performance Summary,Data,Broker Interest Paid,,,,,,,,,,-0.642232128,
Total P/L for Statement Period,,,,,,,,,,,,-235.515663648,
Realized & Unrealized Performance Summary,Header,Asset Category,Symbol,Cost Adj.,Realized S/T Profit,Realized S/T Loss,Realized L/T Profit,Realized L/T Loss,Realized Total,Unrealized S/T Profit,Unrealized S/T Loss,Unrealized L/T Profit,Unrealized L/T Loss,Unrealized Total,Total,Code
Realized & Unrealized Performance Summary,Data,Stocks,BRK B,0,0,0,0,0,0,77.27775,0,0,0,77.27775,77.27775,
Realized & Unrealized Performance Summary,Data,Stocks,BRYN,0,0,0,0,0,0,0,-23.88609,0,0,-23.88609,-23.88609,
Realized & Unrealized Performance Summary,Data,Stocks,CSPX,0,0,0,0,0,0,0,-180.59025,0,0,-180.59025,-180.59025,
Realized & Unrealized Performance Summary,Data,Stocks,MOL,0,0,0,0,0,0,0,-28.10468544,0,0,-28.10468544,-28.10468544,
Realized & Unrealized Performance Summary,Data,Total,,0,0,0,0,0,0,77.27775,-232.58102544,0,0,-155.30327544,-155.30327544,
Realized & Unrealized Performance Summary,Data,Forex,EUR,0,0.001131,0,0,0,0.001131,0.022357,0,0,0,0.022357,0.023488,
Realized & Unrealized Performance Summary,Data,Total,,0,0.001154,0,0,0,0.001154,0.022357,0,0,0,0.022357,0.023511,
Realized & Unrealized Performance Summary,Data,Total (All Assets),,0,0.001154,0,0,0,0.001154,77.300107,-232.58102544,0,0,-155.28091844,-155.27976444,
Cash Report,Header,Currency Summary,Currency,Total,
Cash Report,Data,Starting Cash,Base Currency Summary,8009.136480386,
Cash Report,Data,Broker Interest Paid,Base Currency Summary,-0.64223213,
Cash Report,Data,Cash FX Translation Gain/Loss,Base Currency Summary,0.02076548,
Cash Report,Data,Ending Cash,Base Currency Summary,8008.515013732,
Cash Report,Data,Ending Settled Cash,Base Currency Summary,8008.515013732,
Cash Report,Data,Starting Cash,EUR,1.802822074,
Cash Report,Data,Broker Interest Paid,EUR,-0.74,
Cash Report,Data,Ending Cash,EUR,1.062822074,
Cash Report,Data,Ending Settled Cash,EUR,1.062822074,
Cash Report,Data,Starting Cash,GBP,8007.574745488,
Cash Report,Data,Ending Cash,GBP,8007.574745488,
Cash Report,Data,Ending Settled Cash,GBP,8007.574745488,
Cash Report,Data,Starting Cash,HUF,2.64,
Cash Report,Data,Broker Interest Paid,HUF,-2.64,
Cash Report,Data,Ending Cash,HUF,0,
Cash Report,Data,Ending Settled Cash,HUF,0,
Open Positions,Header,DataDiscriminator,Asset Category,Currency,Symbol,Quantity,Mult,Cost Price,Cost Basis,Close Price,Value,Unrealized P/L,Code
Open Positions,Data,Summary,Stocks,EUR,BRYN,10,1,291.1,2911,288.4,2884,-27,
Open Positions,Total,,Stocks,EUR,,,,,2911,,2884,-27,
Open Positions,Total,,Stocks,GBP,,,,,2575.27437,,2551.38828,-23.88609,
Open Positions,Data,Summary,Stocks,HUF,MOL,100,1,2728.872,272887.2,2602,260200,-12687.2,
Open Positions,Total,,Stocks,HUF,,,,,272887.2,,260200,-12687.2,
Open Positions,Total,,Stocks,GBP,,,,,604.49972544,,576.39504,-28.10468544,
Open Positions,Data,Summary,Stocks,USD,BRK B,5,1,290.2,1451,308.9,1544.5,93.5,
Open Positions,Data,Summary,Stocks,USD,CSPX,10,1,417.94,4179.4,396.09,3960.9,-218.5,
Open Positions,Total,,Stocks,USD,,,,,5630.4,,5505.4,-125,
Open Positions,Total,,Stocks,GBP,,,,,4653.5256,,4550.2131,-103.3125,
Open Positions,Total,,Stocks,GBP,,,,,7833.29969544,,7677.99642,-155.30327544,
Forex Balances,Header,Asset Category,Currency,Description,Quantity,Cost Price,Cost Basis in GBP,Close Price,Value in GBP,Unrealized P/L in GBP,Code
Forex Balances,Data,Forex,GBP,EUR,1.062822,0.863634738,-0.91789,0.88467,0.940248,0.022357,
Forex Balances,Data,Forex,GBP,GBP,8007.574745488,1,-8007.574745488,1,8007.574745488,0,
Forex Balances,Data,Total,,,,,-8008.492656488,,8008.515014488,0.022357,
Interest,Header,Currency,Date,Description,Amount
Interest,Data,EUR,2022-12-05,EUR Investment Loan Interest for Nov-2022,-0.74
Interest,Data,Total,,,-0.74
Interest,Data,Total in GBP,,,-0.6367404
Interest,Data,HUF,2022-12-05,HUF Investment Loan Interest for Nov-2022,-2.64
Interest,Data,Total,,,-2.64
Interest,Data,Total in GBP,,,-0.005491728
Interest,Data,Total Interest in GBP,,,-0.642232128
Interest Accruals,Header,Currency,Field Name,Field Value
Interest Accruals,Data,Base Currency Summary,Starting Accrual Balance,-0.005571456
Interest Accruals,Data,Base Currency Summary,Interest Accrued,-0.635549
Interest Accruals,Data,Base Currency Summary,Accrual Reversal,0.642232128
Interest Accruals,Data,Base Currency Summary,FX Translation,-0.001111672
Interest Accruals,Data,Base Currency Summary,Ending Accrual Balance,0
Interest Accruals,Data,EUR,Starting Accrual Balance,0
Interest Accruals,Data,EUR,Interest Accrued,-0.74
Interest Accruals,Data,EUR,Accrual Reversal,0.74
Interest Accruals,Data,EUR,Ending Accrual Balance,0
Interest Accruals,Data,EUR,Ending Accrual Balance in GBP,0
Interest Accruals,Data,HUF,Starting Accrual Balance,-2.64
Interest Accruals,Data,HUF,Interest Accrued,0
Interest Accruals,Data,HUF,Accrual Reversal,2.64
Interest Accruals,Data,HUF,Ending Accrual Balance,0
Interest Accruals,Data,HUF,Ending Accrual Balance in GBP,0
Financial Instrument Information,Header,Asset Category,Symbol,Description,Conid,Security ID,Listing Exch,Multiplier,Type,Code
Financial Instrument Information,Data,Stocks,BRK B,BERKSHIRE HATHAWAY INC-CL B,72063691,US0846707026,NYSE,1,COMMON,
Financial Instrument Information,Data,Stocks,BRYN,BERKSHIRE HATHAWAY INC-CL B,74964638,US0846707026,IBIS,1,COMMON,
Financial Instrument Information,Data,Stocks,CSPX,ISHARES CORE S&P 500,76023663,IE00B5BMR087,LSEETF,1,ETF,
Financial Instrument Information,Data,Stocks,MOL,MOL HUNGARIAN OIL AND GAS PL,288307437,HU0000153937,BUX,1,COMMON,
Codes,Header,Code,Meaning,Code (Cont.),Meaning (Cont.)
Codes,Data,A,Assignment
Codes,Data,ADR,ADR Fee Accrual
Codes,Data,AEx,Automatic exercise for dividend-related recommendation.
Codes,Data,AFx,AutoFX conversion resulting from trading
Codes,Data,Adj,Adjustment
Codes,Data,Al,Allocation
Codes,Data,Aw,Away Trade
Codes,Data,B,Automatic Buy-in
Codes,Data,Bo,Direct Borrow
Codes,Data,C,Closing Trade
Codes,Data,CD,Cash Delivery
Codes,Data,CP,Complex Position
Codes,Data,Ca,Cancelled
Codes,Data,Co,Corrected Trade
Codes,Data,Cx,Part or all of this transaction was a Crossing executed as dual agent by IB for two IB customers
Codes,Data,ETF,ETF Creation/Redemption
Codes,Data,Ep,Resulted from an Expired Position
Codes,Data,Ex,Exercise
Codes,Data,FP,The fractional portion of this trade was executed against IB or an affiliate.
Codes,Data,FPA,The fractional portion of this trade was executed against IB or an affiliate. IB acted as agent for the whole share portion of this trade.
Codes,Data,G,Trade in Guaranteed Account Segment
Codes,Data,GEA,Exercise or Assignment resulting from offsetting positions
Codes,Data,HC,Highest Cost tax basis election
Codes,Data,HFI,Investment Transferred to Hedge Fund
Codes,Data,HFR,Redemption from Hedge Fund
Codes,Data,I,Internal Transfer
Codes,Data,IA,The transaction was executed against IB or an affiliate
Codes,Data,IM,A portion of the order was executed against IB or an affiliate; IB acted as agent on a portion.
Codes,Data,INV,Investment Transfer from Investor
Codes,Data,IPO,This transaction was executed as part of an IPO in which IB was a member of the selling group and is classified as a Principal trade.
Codes,Data,L,Ordered by IB (Margin Violation)
Codes,Data,LD,Adjusted by Loss Disallowed from Wash Sale
Codes,Data,LI,"Last In, First Out (LIFO) tax basis election"
Codes,Data,LT,Long Term P/L
Codes,Data,Lo,Direct Loan
Codes,Data,M,Entered manually by IB
Codes,Data,MEx,Manual exercise for dividend-related recommendation.
Codes,Data,ML,Maximize Losses tax basis election
Codes,Data,MLG,Maximize Long Term Gain tax basis election
Codes,Data,MLL,Maximize Long Term Loss tax basis election
Codes,Data,MSG,Maximize Short Term Gain tax basis election
Codes,Data,MSL,Maximize Short Term Loss tax basis election
Codes,Data,O,Opening Trade
Codes,Data,P,Partial Execution
Codes,Data,PI,Price Improvement
Codes,Data,Po,Interest or Dividend Accrual Posting
Codes,Data,Pr,Part or all of this transaction was executed by the Exchange as a Crossing by IB against an IB affiliate and is therefore classified as a Principal and not an agency trade
Codes,Data,R,Dividend Reinvestment
Codes,Data,RED,Redemption to Investor
Codes,Data,RI,Recurring Investment
Codes,Data,RP,"IB acted as agent for the fractional share portion of this trade, which was executed by an IB affiliate as riskless principal."
Codes,Data,RPA,IB acted as agent for both the fractional share portion and the whole share portion of this trade; the fractional share portion was executed by an IB Affiliate as riskless principal.
Codes,Data,Rb,Rebill
Codes,Data,Re,Interest or Dividend Accrual Reversal
Codes,Data,Ri,Reimbursement
Codes,Data,SI,This order was solicited by Interactive Brokers
Codes,Data,SL,Specific Lot tax basis election
Codes,Data,SO,This order was marked as solicited by your Introducing Broker
Codes,Data,SS,Customer designated this trade for shortened settlement and so is subject to execution at prices above the prevailing market
Codes,Data,ST,Short Term P/L
Codes,Data,T,Transfer
Codes,Data,Un,Unvested shares from stock grant
Notes/Legal Notes,Header,Type,Note
Notes/Legal Notes,Data,Notes,"Most stock exchange transactions settle on the trade date plus two business days. Options, futures and US open-end mutual fund transactions settle on trade date plus one business day. (Some exchanges and other transaction types may have longer or shorter settlement periods.) Ending settled cash reflects the cash that has actually settled.  "
Notes/Legal Notes,Data,Notes,Initial and maintenance margin requirements are available within the Account Window of the Trader Workstation.
Notes/Legal Notes,Data,Notes,Quantities preceded by a "-" sign indicate sell transactions. Other transactions are purchases. 
Notes/Legal Notes,Data,Notes,"IB acts as agent in executing the fractional share portion of your order. In certain circumstances, IB routes the fractional portion of your order to an affiliate, which may execute the fractional portion of the order as principal. In such circumstances, this is indicated by the codes associated with the trade. If an IB affiliate acts as principal in executing any fractional share portion of your order, the order will be executed at the price displayed for the opposite side of the NBBO from your order (the offer if you are buying and the bid if you are selling) at the time of execution. If an IB affiliate is acting as riskless principal in connection with filling the fractional share portion of your order, the affiliate will execute the fractional share portion of your order at the price it receives for the execution of the whole share."
Notes/Legal Notes,Data,Notes,"In case of partial executions, commissions are charged on the total quantity executed on the original order. The commission is displayed on the first partial execution only."
Notes/Legal Notes,Data,Notes,Each closed lot indicated above with a reference to note (6) was chosen by the end of the trading day to be sold versus the specific opening purchase identified in that row.
Notes/Legal Notes,Data,Notes,Trade execution times are displayed in Eastern Time.
Notes/Legal Notes,Data,Notes,Applicable regulatory fees for your transactions are available on the IB website at www.interactivebrokers.com/en/accounts/fees/exchangeAndRegulatoryFees.php.
Notes/Legal Notes,Data,Notes,"Borrow Fee Rate represents the cost to borrow stock expressed in percent per annum. It is applied to the collateral value on the stock borrow contract and is separate from any interest earned on credit cash balances. Similarly, Loan Fee Rate represents the benefit to lend stock. A positive rate indicates a cost to the borrower/benefit to the lender and a negative rate indicates a benefit to the borrower/cost to the lender. In general, the fee rates for hard-to-borrow stocks are higher than for normal availability stocks."
Notes/Legal Notes,Data,Notes,Interest Rate on Customer Collateral represents the interest paid on the collateral posted to the customer's account and received from lending stock.  A positive rate indicates a benefit to the lender.
Notes/Legal Notes,Data,Notes,"The closing prices on this Activity Statement are indicative and may come from third-party sources. Interactive Brokers does not warrant the accuracy of the prices provided by third-party sources. Due to time zone differences, certain non-US mutual funds may deliver closing prices after the Activity Statement has been produced and the closing prices for such funds will reflect the previous day's price."
Notes/Legal Notes,Data,Notes,All Market Data and Research services are provided through Global Financial Information Services (GmbH).
Notes/Legal Notes,Data,Notes,"Market data is provided by Global Financial Information Services (GmbH). Your local broker collects amounts owed for fees and tax for such data on behalf of Global Financial Information Services (GmbH). Note, you are responsible for any applicable taxes relating to the provision of these services."
Notes/Legal Notes,Data,Notes,"Directive 2014/65/EU and its implementing measures (MiFID II) applies to all client funds and client financial instruments (Client Assets) on this statement except those Client Assets that are not classified as segregated assets, namely securities lent under the Stock Yield Enhancement Programme as identified in the IBKR Managed Securities Lent section of this statement and Client Assets noted as Not Segregated in the Collateral for Customer Borrowing section of this statement.  IBCE applies the MiFID II Client Asset protection requirements to funds and instruments that are not subject to MiFID II in the same way as it applies those requirements to Client Assets."
Notes/Legal Notes,Data,Fixed Income Notes,"Call features for bonds or preferred stocks may affect the yield. For zero coupon, compound interest and multiplier securities, there are no periodic payments and securities may be callable below maturity value without notice to holder unless registered. For asset-backed securities, the actual yield may vary depending on the speed at which the underlying note is pre-paid. For additional information regarding bond yield, please contact the IB Help Desk at: help@interactivebrokers.com. If this debt security is unrated by a nationally recognized statistical rating organization, it may pose a high risk of default. You should consult a financial advisor to determine whether unrated bonds are appropriate for your portfolio in light of your goals and your financial circumstances. Fees charged by bond trading centers are included in the cost of bond transactions."
Notes/Legal Notes,Data,Legal Notes,"Please promptly report any inaccuracy or discrepancy in this statement, or in your account, to Interactive Brokers Central Europe Zrt. (""IBCE""). You can contact the IBCE Customer Service Department using the online form available on the IBCE website, interactivebrokers.hu. You may also contact IBCE by telephone +36 80 088 400, but if you report an error by telephone, you should re-confirm such oral communication in writing in order to protect your rights, including your rights under Tpt. (a tökepiacról szóló 2001. évi CXX. törvény, Act CXX of 2001 on the Capital Market)."
Notes/Legal Notes,Data,Legal Notes,"Unless otherwise noted, IBCE acted as agent in the execution of the above transactions. IBCE may execute your trades through affiliates or third-party brokers who are members of the relevant exchange or market center. IBCE uses its affiliates Interactive Brokers LLC and Interactive Brokers (U.K.) Limited to custody financial instruments."
Notes/Legal Notes,Data,Legal Notes,"IBCE acts as agent or riskless principal in foreign currency exchange transactions and CFDs. Such transactions are executed against an IBCE affiliate, which acts as principal in such transactions and may have a long or short position and may have profited or lost in connection with the transaction."
Notes/Legal Notes,Data,Legal Notes,"IBCE routes orders in US products through its US affiliate, Interactive Brokers LLC (""IBLLC""). IBLLC accepts liquidity rebates or other order flow payments from Alternative Trading Systems, market makers and exchanges for certain orders in US stocks. IBLLC receives payment for some US option orders pursuant to exchange-mandated marketing fee programs or other arrangements."
Notes/Legal Notes,Data,Legal Notes,Please promptly notify IB-CE of any material change in your investment objectives or financial situation or circumstances.
Notes/Legal Notes,Data,Legal Notes,"An up-to-date financial statement of IBCE is available for your personal inspection at interactivebrokers.hu or at its offices, or a copy of the financial statement will be mailed to you upon your written request."
Notes/Legal Notes,Data,Legal Notes,"IBCE is a member of BEVA. As with all securities firms, BEVA coverage provides protection against failure of a broker-dealer. BEVA coverage is limited to a maximum payment of EUR 100,000 per investor."
Notes/Legal Notes,Data,Legal Notes,The General Business Rules and client disclosures of IBCE may be found at interactivebrokers.hu
Notes/Legal Notes,Data,Legal Notes,Interactive Brokers Central Europe Zrt. is regulated by the MNB.
